[{"model": "admin.logentry", "pk": 1, "fields": {"action_time": "2020-11-19T02:14:51.695Z", "user": 1, "content_type": 9, "object_id": "1", "object_repr": "Headphones", "action_flag": 1, "change_message": "[{\"added\": {}}]"}}, {"model": "admin.logentry", "pk": 2, "fields": {"action_time": "2020-11-19T02:15:36.523Z", "user": 1, "content_type": 9, "object_id": "2", "object_repr": "Mount of Olives Book", "action_flag": 1, "change_message": "[{\"added\": {}}]"}}, {"model": "admin.logentry", "pk": 3, "fields": {"action_time": "2020-11-19T02:15:56.695Z", "user": 1, "content_type": 9, "object_id": "3", "object_repr": "Project Source Code", "action_flag": 1, "change_message": "[{\"added\": {}}]"}}, {"model": "admin.logentry", "pk": 4, "fields": {"action_time": "2020-11-19T02:16:14.794Z", "user": 1, "content_type": 9, "object_id": "4", "object_repr": "Watch", "action_flag": 1, "change_message": "[{\"added\": {}}]"}}, {"model": "admin.logentry", "pk": 5, "fields": {"action_time": "2020-11-19T02:16:31.483Z", "user": 1, "content_type": 9, "object_id": "5", "object_repr": "Shoes", "action_flag": 1, "change_message": "[{\"added\": {}}]"}}, {"model": "admin.logentry", "pk": 6, "fields": {"action_time": "2020-11-19T02:16:44.276Z", "user": 1, "content_type": 9, "object_id": "6", "object_repr": "T-Shirt", "action_flag": 1, "change_message": "[{\"added\": {}}]"}}, {"model": "admin.logentry", "pk": 7, "fields": {"action_time": "2020-11-19T20:27:11.481Z", "user": 1, "content_type": 9, "object_id": "6", "object_repr": "T-Shirt", "action_flag": 2, "change_message": "[{\"changed\": {\"fields\": [\"Image\"]}}]"}}, {"model": "admin.logentry", "pk": 8, "fields": {"action_time": "2020-11-19T20:28:14.985Z", "user": 1, "content_type": 9, "object_id": "5", "object_repr": "Shoes", "action_flag": 2, "change_message": "[{\"changed\": {\"fields\": [\"Image\"]}}]"}}, {"model": "admin.logentry", "pk": 9, "fields": {"action_time": "2020-11-19T20:28:28.531Z", "user": 1, "content_type": 9, "object_id": "4", "object_repr": "Watch", "action_flag": 2, "change_message": "[{\"changed\": {\"fields\": [\"Image\"]}}]"}}, {"model": "admin.logentry", "pk": 10, "fields": {"action_time": "2020-11-19T20:28:37.933Z", "user": 1, "content_type": 9, "object_id": "3", "object_repr": "Project Source Code", "action_flag": 2, "change_message": "[{\"changed\": {\"fields\": [\"Image\"]}}]"}}, {"model": "admin.logentry", "pk": 11, "fields": {"action_time": "2020-11-19T20:28:46.615Z", "user": 1, "content_type": 9, "object_id": "2", "object_repr": "Mount of Olives Book", "action_flag": 2, "change_message": "[{\"changed\": {\"fields\": [\"Image\"]}}]"}}, {"model": "admin.logentry", "pk": 12, "fields": {"action_time": "2020-11-19T20:28:53.630Z", "user": 1, "content_type": 9, "object_id": "1", "object_repr": "Headphones", "action_flag": 2, "change_message": "[{\"changed\": {\"fields\": [\"Image\"]}}]"}}, {"model": "admin.logentry", "pk": 13, "fields": {"action_time": "2020-11-19T20:45:28.131Z", "user": 1, "content_type": 9, "object_id": "1", "object_repr": "Headphones", "action_flag": 2, "change_message": "[{\"changed\": {\"fields\": [\"Image\"]}}]"}}, {"model": "admin.logentry", "pk": 14, "fields": {"action_time": "2020-11-19T20:46:25.641Z", "user": 1, "content_type": 9, "object_id": "2", "object_repr": "LOTR Trilogy", "action_flag": 2, "change_message": "[{\"changed\": {\"fields\": [\"Name\", \"Image\"]}}]"}}, {"model": "admin.logentry", "pk": 15, "fields": {"action_time": "2020-11-19T20:48:07.923Z", "user": 1, "content_type": 9, "object_id": "2", "object_repr": "LOTR Trilogy", "action_flag": 2, "change_message": "[{\"changed\": {\"fields\": [\"Image\"]}}]"}}, {"model": "admin.logentry", "pk": 16, "fields": {"action_time": "2020-11-19T20:51:53.117Z", "user": 1, "content_type": 9, "object_id": "2", "object_repr": "LOTR Trilogy", "action_flag": 2, "change_message": "[{\"changed\": {\"fields\": [\"Image\"]}}]"}}, {"model": "admin.logentry", "pk": 17, "fields": {"action_time": "2020-11-19T20:55:27.939Z", "user": 1, "content_type": 9, "object_id": "2", "object_repr": "LOTR Trilogy", "action_flag": 2, "change_message": "[{\"changed\": {\"fields\": [\"Image\"]}}]"}}, {"model": "admin.logentry", "pk": 18, "fields": {"action_time": "2020-11-19T20:55:50.078Z", "user": 1, "content_type": 9, "object_id": "2", "object_repr": "LOTR Trilogy", "action_flag": 2, "change_message": "[{\"changed\": {\"fields\": [\"Image\"]}}]"}}, {"model": "admin.logentry", "pk": 19, "fields": {"action_time": "2020-11-19T21:06:25.526Z", "user": 1, "content_type": 9, "object_id": "2", "object_repr": "Mount of Olives Book", "action_flag": 2, "change_message": "[{\"changed\": {\"fields\": [\"Name\", \"Image\"]}}]"}}, {"model": "admin.logentry", "pk": 20, "fields": {"action_time": "2020-11-19T21:06:32.412Z", "user": 1, "content_type": 9, "object_id": "6", "object_repr": "T-Shirt", "action_flag": 2, "change_message": "[{\"changed\": {\"fields\": [\"Image\"]}}]"}}, {"model": "admin.logentry", "pk": 21, "fields": {"action_time": "2020-11-19T21:06:40.299Z", "user": 1, "content_type": 9, "object_id": "5", "object_repr": "Shoes", "action_flag": 2, "change_message": "[{\"changed\": {\"fields\": [\"Image\"]}}]"}}, {"model": "admin.logentry", "pk": 22, "fields": {"action_time": "2020-11-19T21:06:46.026Z", "user": 1, "content_type": 9, "object_id": "4", "object_repr": "Watch", "action_flag": 2, "change_message": "[{\"changed\": {\"fields\": [\"Image\"]}}]"}}, {"model": "admin.logentry", "pk": 23, "fields": {"action_time": "2020-11-19T21:06:53.989Z", "user": 1, "content_type": 9, "object_id": "3", "object_repr": "Project Source Code", "action_flag": 2, "change_message": "[{\"changed\": {\"fields\": [\"Image\"]}}]"}}, {"model": "admin.logentry", "pk": 24, "fields": {"action_time": "2020-11-19T21:07:08.252Z", "user": 1, "content_type": 9, "object_id": "1", "object_repr": "Headphones", "action_flag": 2, "change_message": "[{\"changed\": {\"fields\": [\"Image\"]}}]"}}, {"model": "admin.logentry", "pk": 25, "fields": {"action_time": "2020-11-19T21:09:47.630Z", "user": 1, "content_type": 7, "object_id": "1", "object_repr": "Vedran", "action_flag": 1, "change_message": "[{\"added\": {}}]"}}, {"model": "admin.logentry", "pk": 26, "fields": {"action_time": "2020-11-19T21:10:39.611Z", "user": 1, "content_type": 8, "object_id": "1", "object_repr": "1", "action_flag": 1, "change_message": "[{\"added\": {}}]"}}, {"model": "admin.logentry", "pk": 27, "fields": {"action_time": "2020-11-19T21:11:22.364Z", "user": 1, "content_type": 11, "object_id": "1", "object_repr": "OrderItem object (1)", "action_flag": 1, "change_message": "[{\"added\": {}}]"}}, {"model": "admin.logentry", "pk": 28, "fields": {"action_time": "2020-11-19T21:11:45.652Z", "user": 1, "content_type": 11, "object_id": "2", "object_repr": "OrderItem object (2)", "action_flag": 1, "change_message": "[{\"added\": {}}]"}}, {"model": "admin.logentry", "pk": 29, "fields": {"action_time": "2020-11-22T01:10:07.251Z", "user": 1, "content_type": 10, "object_id": "7", "object_repr": "ShippingAddress object (7)", "action_flag": 3, "change_message": ""}}, {"model": "admin.logentry", "pk": 30, "fields": {"action_time": "2020-11-22T01:10:07.260Z", "user": 1, "content_type": 10, "object_id": "6", "object_repr": "ShippingAddress object (6)", "action_flag": 3, "change_message": ""}}, {"model": "admin.logentry", "pk": 31, "fields": {"action_time": "2020-11-22T01:10:07.267Z", "user": 1, "content_type": 10, "object_id": "5", "object_repr": "ShippingAddress object (5)", "action_flag": 3, "change_message": ""}}, {"model": "admin.logentry", "pk": 32, "fields": {"action_time": "2020-11-22T01:10:07.273Z", "user": 1, "content_type": 10, "object_id": "4", "object_repr": "ShippingAddress object (4)", "action_flag": 3, "change_message": ""}}, {"model": "admin.logentry", "pk": 33, "fields": {"action_time": "2020-11-22T01:10:07.279Z", "user": 1, "content_type": 10, "object_id": "3", "object_repr": "ShippingAddress object (3)", "action_flag": 3, "change_message": ""}}, {"model": "admin.logentry", "pk": 34, "fields": {"action_time": "2020-11-22T01:35:59.833Z", "user": 1, "content_type": 8, "object_id": "9", "object_repr": "9", "action_flag": 3, "change_message": ""}}, {"model": "admin.logentry", "pk": 35, "fields": {"action_time": "2020-11-23T00:05:59.911Z", "user": 1, "content_type": 4, "object_id": "1", "object_repr": "cirun", "action_flag": 2, "change_message": "[{\"changed\": {\"fields\": [\"First name\", \"Last name\"]}}]"}}, {"model": "auth.permission", "pk": 1, "fields": {"name": "Can add log entry", "content_type": 1, "codename": "add_logentry"}}, {"model": "auth.permission", "pk": 2, "fields": {"name": "Can change log entry", "content_type": 1, "codename": "change_logentry"}}, {"model": "auth.permission", "pk": 3, "fields": {"name": "Can delete log entry", "content_type": 1, "codename": "delete_logentry"}}, {"model": "auth.permission", "pk": 4, "fields": {"name": "Can view log entry", "content_type": 1, "codename": "view_logentry"}}, {"model": "auth.permission", "pk": 5, "fields": {"name": "Can add permission", "content_type": 2, "codename": "add_permission"}}, {"model": "auth.permission", "pk": 6, "fields": {"name": "Can change permission", "content_type": 2, "codename": "change_permission"}}, {"model": "auth.permission", "pk": 7, "fields": {"name": "Can delete permission", "content_type": 2, "codename": "delete_permission"}}, {"model": "auth.permission", "pk": 8, "fields": {"name": "Can view permission", "content_type": 2, "codename": "view_permission"}}, {"model": "auth.permission", "pk": 9, "fields": {"name": "Can add group", "content_type": 3, "codename": "add_group"}}, {"model": "auth.permission", "pk": 10, "fields": {"name": "Can change group", "content_type": 3, "codename": "change_group"}}, {"model": "auth.permission", "pk": 11, "fields": {"name": "Can delete group", "content_type": 3, "codename": "delete_group"}}, {"model": "auth.permission", "pk": 12, "fields": {"name": "Can view group", "content_type": 3, "codename": "view_group"}}, {"model": "auth.permission", "pk": 13, "fields": {"name": "Can add user", "content_type": 4, "codename": "add_user"}}, {"model": "auth.permission", "pk": 14, "fields": {"name": "Can change user", "content_type": 4, "codename": "change_user"}}, {"model": "auth.permission", "pk": 15, "fields": {"name": "Can delete user", "content_type": 4, "codename": "delete_user"}}, {"model": "auth.permission", "pk": 16, "fields": {"name": "Can view user", "content_type": 4, "codename": "view_user"}}, {"model": "auth.permission", "pk": 17, "fields": {"name": "Can add content type", "content_type": 5, "codename": "add_contenttype"}}, {"model": "auth.permission", "pk": 18, "fields": {"name": "Can change content type", "content_type": 5, "codename": "change_contenttype"}}, {"model": "auth.permission", "pk": 19, "fields": {"name": "Can delete content type", "content_type": 5, "codename": "delete_contenttype"}}, {"model": "auth.permission", "pk": 20, "fields": {"name": "Can view content type", "content_type": 5, "codename": "view_contenttype"}}, {"model": "auth.permission", "pk": 21, "fields": {"name": "Can add session", "content_type": 6, "codename": "add_session"}}, {"model": "auth.permission", "pk": 22, "fields": {"name": "Can change session", "content_type": 6, "codename": "change_session"}}, {"model": "auth.permission", "pk": 23, "fields": {"name": "Can delete session", "content_type": 6, "codename": "delete_session"}}, {"model": "auth.permission", "pk": 24, "fields": {"name": "Can view session", "content_type": 6, "codename": "view_session"}}, {"model": "auth.permission", "pk": 25, "fields": {"name": "Can add customer", "content_type": 7, "codename": "add_customer"}}, {"model": "auth.permission", "pk": 26, "fields": {"name": "Can change customer", "content_type": 7, "codename": "change_customer"}}, {"model": "auth.permission", "pk": 27, "fields": {"name": "Can delete customer", "content_type": 7, "codename": "delete_customer"}}, {"model": "auth.permission", "pk": 28, "fields": {"name": "Can view customer", "content_type": 7, "codename": "view_customer"}}, {"model": "auth.permission", "pk": 29, "fields": {"name": "Can add order", "content_type": 8, "codename": "add_order"}}, {"model": "auth.permission", "pk": 30, "fields": {"name": "Can change order", "content_type": 8, "codename": "change_order"}}, {"model": "auth.permission", "pk": 31, "fields": {"name": "Can delete order", "content_type": 8, "codename": "delete_order"}}, {"model": "auth.permission", "pk": 32, "fields": {"name": "Can view order", "content_type": 8, "codename": "view_order"}}, {"model": "auth.permission", "pk": 33, "fields": {"name": "Can add product", "content_type": 9, "codename": "add_product"}}, {"model": "auth.permission", "pk": 34, "fields": {"name": "Can change product", "content_type": 9, "codename": "change_product"}}, {"model": "auth.permission", "pk": 35, "fields": {"name": "Can delete product", "content_type": 9, "codename": "delete_product"}}, {"model": "auth.permission", "pk": 36, "fields": {"name": "Can view product", "content_type": 9, "codename": "view_product"}}, {"model": "auth.permission", "pk": 37, "fields": {"name": "Can add shipping address", "content_type": 10, "codename": "add_shippingaddress"}}, {"model": "auth.permission", "pk": 38, "fields": {"name": "Can change shipping address", "content_type": 10, "codename": "change_shippingaddress"}}, {"model": "auth.permission", "pk": 39, "fields": {"name": "Can delete shipping address", "content_type": 10, "codename": "delete_shippingaddress"}}, {"model": "auth.permission", "pk": 40, "fields": {"name": "Can view shipping address", "content_type": 10, "codename": "view_shippingaddress"}}, {"model": "auth.permission", "pk": 41, "fields": {"name": "Can add order item", "content_type": 11, "codename": "add_orderitem"}}, {"model": "auth.permission", "pk": 42, "fields": {"name": "Can change order item", "content_type": 11, "codename": "change_orderitem"}}, {"model": "auth.permission", "pk": 43, "fields": {"name": "Can delete order item", "content_type": 11, "codename": "delete_orderitem"}}, {"model": "auth.permission", "pk": 44, "fields": {"name": "Can view order item", "content_type": 11, "codename": "view_orderitem"}}, {"model": "auth.user", "pk": 1, "fields": {"password": "pbkdf2_sha256$216000$jbMmX5tIkdj1$8C4P+N16np8CS6q6HeTS8Mr700iF8SmxCvjy99PqlHI=", "last_login": "2020-11-23T01:17:04.931Z", "is_superuser": true, "username": "cirun", "first_name": "Tome", "last_name": "Petrovski", "email": "cirun@live.com", "is_staff": true, "is_active": true, "date_joined": "2020-11-19T02:11:37Z", "groups": [], "user_permissions": []}}, {"model": "contenttypes.contenttype", "pk": 1, "fields": {"app_label": "admin", "model": "logentry"}}, {"model": "contenttypes.contenttype", "pk": 2, "fields": {"app_label": "auth", "model": "permission"}}, {"model": "contenttypes.contenttype", "pk": 3, "fields": {"app_label": "auth", "model": "group"}}, {"model": "contenttypes.contenttype", "pk": 4, "fields": {"app_label": "auth", "model": "user"}}, {"model": "contenttypes.contenttype", "pk": 5, "fields": {"app_label": "contenttypes", "model": "contenttype"}}, {"model": "contenttypes.contenttype", "pk": 6, "fields": {"app_label": "sessions", "model": "session"}}, {"model": "contenttypes.contenttype", "pk": 7, "fields": {"app_label": "store", "model": "customer"}}, {"model": "contenttypes.contenttype", "pk": 8, "fields": {"app_label": "store", "model": "order"}}, {"model": "contenttypes.contenttype", "pk": 9, "fields": {"app_label": "store", "model": "product"}}, {"model": "contenttypes.contenttype", "pk": 10, "fields": {"app_label": "store", "model": "shippingaddress"}}, {"model": "contenttypes.contenttype", "pk": 11, "fields": {"app_label": "store", "model": "orderitem"}}, {"model": "sessions.session", "pk": "867iieotjhgpvf8yt5j1z49kghu0idcs", "fields": {"session_data": ".eJxVjDsOwjAQBe_iGllee42zlPQ5g-Xf4gBypDipEHeHSCmgfTPzXsKHba1-62XxUxYXAeL0u8WQHqXtIN9Du80yzW1dpih3RR60y3HO5Xk93L-DGnr91kOAjGgNciF1hgGRE2gwTFEpSMZEm7UjrdkCERYm45IrFJlZ62TF-wO-nzdO:1kh0TY:qhGbm_U53k0QYas5_7ubGsaWfCoTfQZ6tfQQvMg6PGM", "expire_date": "2020-12-07T01:17:04.936Z"}}, {"model": "store.customer", "pk": 1, "fields": {"user": 1, "name": "Vedran", "email": "cirun@live.com"}}, {"model": "store.customer", "pk": 2, "fields": {"user": null, "name": "Tome", "email": "cirun@rascekor.com"}}, {"model": "store.customer", "pk": 3, "fields": {"user": null, "name": "Vedran", "email": "vedran@baby.com"}}, {"model": "store.customer", "pk": 4, "fields": {"user": null, "name": "Saso Petrovski", "email": "admin@blog.com"}}, {"model": "store.customer", "pk": 5, "fields": {"user": null, "name": "Rufus", "email": "naumovska.emilija@yahoo.com"}}, {"model": "store.customer", "pk": 6, "fields": {"user": null, "name": "Saso Petrovski", "email": "sasocirun@hotmail.com"}}, {"model": "store.product", "pk": 1, "fields": {"name": "Headphones", "price": "179.99", "digital": false, "image": "headphones.jpg"}}, {"model": "store.product", "pk": 2, "fields": {"name": "Mount of Olives Book", "price": "14.99", "digital": false, "image": "book.jpg"}}, {"model": "store.product", "pk": 3, "fields": {"name": "Project Source Code", "price": "19.99", "digital": true, "image": "sourcecode.jpg"}}, {"model": "store.product", "pk": 4, "fields": {"name": "Watch", "price": "259.00", "digital": false, "image": "watch.jpg"}}, {"model": "store.product", "pk": 5, "fields": {"name": "Shoes", "price": "89.99", "digital": false, "image": "shoes.jpg"}}, {"model": "store.product", "pk": 6, "fields": {"name": "T-Shirt", "price": "25.99", "digital": false, "image": "shirt.jpg"}}, {"model": "store.order", "pk": 1, "fields": {"customer": 1, "date_ordered": "2020-11-19T21:10:39.610Z", "complete": true, "transaction_id": "1605910501.24327"}}, {"model": "store.order", "pk": 2, "fields": {"customer": 1, "date_ordered": "2020-11-20T22:15:04.199Z", "complete": true, "transaction_id": "1605910630.308698"}}, {"model": "store.order", "pk": 3, "fields": {"customer": 1, "date_ordered": "2020-11-20T22:17:13.397Z", "complete": true, "transaction_id": "1606007476.374242"}}, {"model": "store.order", "pk": 4, "fields": {"customer": 2, "date_ordered": "2020-11-21T23:16:29.564Z", "complete": true, "transaction_id": "1606000589.548142"}}, {"model": "store.order", "pk": 5, "fields": {"customer": 3, "date_ordered": "2020-11-21T23:20:03.309Z", "complete": true, "transaction_id": "1606000803.29202"}}, {"model": "store.order", "pk": 6, "fields": {"customer": 4, "date_ordered": "2020-11-21T23:37:58.558Z", "complete": true, "transaction_id": "1606001878.541243"}}, {"model": "store.order", "pk": 7, "fields": {"customer": 4, "date_ordered": "2020-11-21T23:40:09.551Z", "complete": true, "transaction_id": "1606002009.536371"}}, {"model": "store.order", "pk": 8, "fields": {"customer": 5, "date_ordered": "2020-11-22T00:14:09.514Z", "complete": true, "transaction_id": "1606004049.490012"}}, {"model": "store.order", "pk": 10, "fields": {"customer": 6, "date_ordered": "2020-11-22T01:35:36.180Z", "complete": true, "transaction_id": "1606008936.160424"}}, {"model": "store.order", "pk": 11, "fields": {"customer": 1, "date_ordered": "2020-11-22T01:52:13.955Z", "complete": true, "transaction_id": "1606095081.037193"}}, {"model": "store.order", "pk": 12, "fields": {"customer": 1, "date_ordered": "2020-11-23T01:31:23.164Z", "complete": false, "transaction_id": null}}, {"model": "store.orderitem", "pk": 6, "fields": {"product": 3, "order": 1, "quantity": 1, "date_added": "2020-11-20T13:02:25.545Z"}}, {"model": "store.orderitem", "pk": 8, "fields": {"product": 1, "order": 1, "quantity": 1, "date_added": "2020-11-20T22:13:38.865Z"}}, {"model": "store.orderitem", "pk": 9, "fields": {"product": 4, "order": 1, "quantity": 1, "date_added": "2020-11-20T22:13:47.963Z"}}, {"model": "store.orderitem", "pk": 10, "fields": {"product": 5, "order": 2, "quantity": 1, "date_added": "2020-11-20T22:16:43.020Z"}}, {"model": "store.orderitem", "pk": 11, "fields": {"product": 6, "order": 2, "quantity": 1, "date_added": "2020-11-20T22:16:43.906Z"}}, {"model": "store.orderitem", "pk": 12, "fields": {"product": 4, "order": 2, "quantity": 1, "date_added": "2020-11-20T22:16:45.428Z"}}, {"model": "store.orderitem", "pk": 18, "fields": {"product": 2, "order": 4, "quantity": 1, "date_added": "2020-11-21T23:16:29.570Z"}}, {"model": "store.orderitem", "pk": 19, "fields": {"product": 1, "order": 5, "quantity": 1, "date_added": "2020-11-21T23:20:03.316Z"}}, {"model": "store.orderitem", "pk": 20, "fields": {"product": 2, "order": 6, "quantity": 1, "date_added": "2020-11-21T23:37:58.572Z"}}, {"model": "store.orderitem", "pk": 21, "fields": {"product": 2, "order": 7, "quantity": 1, "date_added": "2020-11-21T23:40:09.556Z"}}, {"model": "store.orderitem", "pk": 23, "fields": {"product": 4, "order": 8, "quantity": 1, "date_added": "2020-11-22T00:14:09.523Z"}}, {"model": "store.orderitem", "pk": 24, "fields": {"product": 5, "order": 3, "quantity": 1, "date_added": "2020-11-22T01:11:00.180Z"}}, {"model": "store.orderitem", "pk": 25, "fields": {"product": 6, "order": 3, "quantity": 1, "date_added": "2020-11-22T01:11:01.158Z"}}, {"model": "store.orderitem", "pk": 26, "fields": {"product": 1, "order": 10, "quantity": 1, "date_added": "2020-11-22T01:35:36.187Z"}}, {"model": "store.orderitem", "pk": 27, "fields": {"product": 2, "order": 10, "quantity": 1, "date_added": "2020-11-22T01:35:36.194Z"}}, {"model": "store.orderitem", "pk": 28, "fields": {"product": 4, "order": 10, "quantity": 1, "date_added": "2020-11-22T01:35:36.201Z"}}, {"model": "store.orderitem", "pk": 29, "fields": {"product": 5, "order": 10, "quantity": 1, "date_added": "2020-11-22T01:35:36.207Z"}}, {"model": "store.orderitem", "pk": 32, "fields": {"product": 2, "order": 11, "quantity": 1, "date_added": "2020-11-22T23:35:24.532Z"}}, {"model": "store.orderitem", "pk": 33, "fields": {"product": 1, "order": 11, "quantity": 1, "date_added": "2020-11-23T01:30:19.762Z"}}, {"model": "store.shippingaddress", "pk": 1, "fields": {"customer": 1, "order": 1, "address": "mukos 100b", "city": "Bitola", "state": "Macedonia", "zipcode": "7000", "date_added": "2020-11-20T22:15:01.265Z"}}, {"model": "store.shippingaddress", "pk": 2, "fields": {"customer": 1, "order": 2, "address": "mukos 100b", "city": "Bitola", "state": "Macedonia", "zipcode": "7000", "date_added": "2020-11-20T22:17:10.332Z"}}, {"model": "store.shippingaddress", "pk": 8, "fields": {"customer": 1, "order": 3, "address": "Vrpolje32b", "city": "Bitola", "state": "Macedonia", "zipcode": "7000", "date_added": "2020-11-22T01:11:16.395Z"}}, {"model": "store.shippingaddress", "pk": 9, "fields": {"customer": 6, "order": 10, "address": "mukos100", "city": "Bitola", "state": "Macedonia", "zipcode": "7000", "date_added": "2020-11-22T01:35:36.230Z"}}, {"model": "store.shippingaddress", "pk": 10, "fields": {"customer": 1, "order": 11, "address": "Vrpolje32b", "city": "Bitola", "state": "Macedonia", "zipcode": "7000", "date_added": "2020-11-23T01:31:21.063Z"}}]